{"cameraMode":{"drawMode":0,"name":"Shaded","section":"Shading Mode"},"sceneLighting":true,"audioPlay":false,"sceneViewState":{"showFog":true,"showMaterialUpdate":false,"showSkybox":true,"showFlares":true,"showImageEffects":true,"showParticleSystems":true},"in2DMode":false,"pivot":{"x":-49.0413703918457,"y":-45.25797653198242,"z":-39.94951248168945},"rotation":{"x":0.13635674118995667,"y":-0.8511751294136047,"z":0.2721271514892578,"w":0.4274267852306366},"size":44.71647262573242,"orthographic":false}