{"cameraMode":{"drawMode":0,"name":"Shaded","section":"Shading Mode"},"sceneLighting":true,"audioPlay":false,"sceneViewState":{"showFog":true,"showMaterialUpdate":false,"showSkybox":true,"showFlares":true,"showImageEffects":true,"showParticleSystems":true},"in2DMode":false,"pivot":{"x":-63.90790939331055,"y":-16.146860122680665,"z":-56.360816955566409},"rotation":{"x":0.04296961426734924,"y":-0.9012994170188904,"z":0.09264713525772095,"w":0.4208182990550995},"size":48.831504821777347,"orthographic":false}