{"cameraMode":{"drawMode":0,"name":"Shaded","section":"Shading Mode"},"sceneLighting":true,"audioPlay":false,"sceneViewState":{"m_AlwaysRefresh":false,"showFog":true,"showSkybox":true,"showFlares":true,"showImageEffects":true,"showParticleSystems":true,"showVisualEffectGraphs":true,"m_FxEnabled":true},"in2DMode":false,"pivot":{"x":12.915227890014649,"y":1.772965431213379,"z":-0.03389520198106766},"rotation":{"x":0.00977049395442009,"y":0.7063868641853333,"z":-0.009758411906659603,"w":0.7076656818389893},"size":7.586129188537598,"orthographic":false}