{"cameraMode":{"drawMode":0,"name":"Shaded","section":"Shading Mode"},"sceneLighting":true,"audioPlay":false,"sceneViewState":{"showFog":true,"showMaterialUpdate":false,"showSkybox":true,"showFlares":true,"showImageEffects":true,"showParticleSystems":true},"in2DMode":false,"pivot":{"x":112.8235855102539,"y":-22.559114456176759,"z":77.56324005126953},"rotation":{"x":-0.07852675765752793,"y":-0.46576449275016787,"z":0.041223980486392978,"w":-0.8803805708885193},"size":69.82650756835938,"orthographic":false}